fixed acidity,volatile acidity,citric acid,residual sugar,chlorides,free sulfur dioxide,total sulfur dioxide,density,pH,sulphates,alcohol,quality,non-free sulfur dioxide,zeros
10.8,0.5,0.46,2.5,0.073,5.0,27.0,1000.1,3.05,0.64,9.5,5,22.0,0
6.6,0.7,0.08,2.6,0.106,14.0,27.0,996.6500000000001,3.44,0.58,10.2,5,13.0,0
8.9,0.5,0.21,2.2,0.088,21.0,39.0,996.9200000000001,3.33,0.83,11.1,6,18.0,0
8.7,0.69,0.31,3.0,0.086,23.0,81.0,1000.1999999999999,3.48,0.74,11.6,6,58.0,0
7.0,0.62,0.18,1.5,0.062,7.0,50.0,995.1,3.08,0.6,9.3,5,43.0,0
